{
	"class_name" : "PinholeCameraParameters",
	"extrinsic" : 
	[
		0.9919205591244511,
		0.063472745360199354,
		0.1098399516691253,
		0.0,
		-0.090870706340263424,
		-0.24867170014959217,
		0.9643157679276706,
		0.0,
		0.088521856710408547,
		-0.9665058696878932,
		-0.24089475864657428,
		0.0,
		-5.9229249535990736,
		-8.5163343700298455,
		113.36147622733894,
		1.0
	],
	"intrinsic" : 
	{
		"height" : 1016,
		"intrinsic_matrix" : 
		[
			1226.4204896855324,
			0.0,
			0.0,
			0.0,
			1226.4204896855324,
			0.0,
			959.5,
			507.5,
			1.0
		],
		"width" : 1920
	},
	"version_major" : 1,
	"version_minor" : 0
}